date	x	y	z
24-Apr-07	93.24	379.26	282.52
25-Apr-07	95.35	388.83	278.64
26-Apr-07	98.84	384.77	288.94
27-Apr-07	99.92	377.41	289.19
30-Apr-07	99.8	374.94	289.22
1-May-07	99.47	369.01	294.07
2-May-07	100.39	376.51	295.36
3-May-07	100.4	366.99	298.54
4-May-07	100.81	363.57	300.14
7-May-07	103.92	376.12	302.31
8-May-07	105.06	373.2	314.74
9-May-07	106.88	382.2	318
10-May-07	107.34	387.93	309.49
11-May-07	108.74	389.7	310.53
14-May-07	109.36	393.01	309.52
15-May-07	107.52	390.95	307.47
16-May-07	107.34	389.09	308.84
17-May-07	109.44	390.66	308.05
18-May-07	110.02	393.62	307.83
21-May-07	111.98	391.84	305.24
22-May-07	113.54	388.81	300.98
23-May-07	112.89	380.19	304.18
24-May-07	110.69	378.94	309.36
25-May-07	113.62	381.02	312.8
29-May-07	114.35	382.21	318.27
30-May-07	118.77	395.95	317.13
31-May-07	121.19	396.44	318.62
1-Jun-07	118.4	398.55	316.08
4-Jun-07	121.33	403.43	318.03
5-Jun-07	122.67	406.53	316.66
6-Jun-07	123.64	402.64	308.03
7-Jun-07	124.07	405.12	307.04
8-Jun-07	124.49	405	301.59
11-Jun-07	120.19	411.23	300.5
12-Jun-07	120.38	413.44	308.43
13-Jun-07	117.5	418.03	306.73
14-Jun-07	118.75	422.4	313.36
15-Jun-07	120.5	421.73	308.73
18-Jun-07	125.09	423.24	314.8
19-Jun-07	123.66	422.55	315
20-Jun-07	121.55	421.39	316.87
21-Jun-07	123.9	419.81	311.15
22-Jun-07	123	424.7	316.4
25-Jun-07	122.34	429.11	318.15
26-Jun-07	119.65	427.75	317.44
27-Jun-07	121.89	420.3	320.15
28-Jun-07	120.56	427.41	318.21
29-Jun-07	122.04	420.41	321.01
2-Jul-07	121.26	446.66	319.76
3-Jul-07	127.17	444.63	320.56
5-Jul-07	132.75	447.28	321.67
6-Jul-07	132.3	453.01	320.29
9-Jul-07	130.33	456.48	320.36
10-Jul-07	132.35	456.19	321.25
11-Jul-07	132.39	455.12	320.61
12-Jul-07	134.07	459.68	322.21
13-Jul-07	137.73	463.97	324.2
16-Jul-07	138.1	468.83	325.16
17-Jul-07	138.91	476.68	323.6
18-Jul-07	138.12	493.17	324.68
19-Jul-07	140	493.42	325.47
20-Jul-07	143.75	502.6	325.29
23-Jul-07	143.7	509.46	323.66
24-Jul-07	134.89	497.67	322.56
25-Jul-07	137.26	502.21	329.57
26-Jul-07	146	502.12	331.29
27-Jul-07	143.85	514.85	334
30-Jul-07	141.43	513.04	333.73
31-Jul-07	131.76	516.39	336.12
1-Aug-07	135	522.41	342.46
2-Aug-07	136.49	525.76	341.64
3-Aug-07	131.85	535.41	344.42
6-Aug-07	135.25	542.44	345.68
7-Aug-07	135.03	544.47	348.48
8-Aug-07	134.01	545.18	340.65
9-Aug-07	126.39	533.16	338.84
10-Aug-07	125	530.26	332.68
13-Aug-07	127.79	530.69	326.72
14-Aug-07	124.03	541.99	337.45
15-Aug-07	119.9	545.17	341.4
16-Aug-07	117.05	552	343.85
17-Aug-07	122.06	568.1	343.21
20-Aug-07	122.22	589.58	336.1
21-Aug-07	127.57	585.56	339.32
22-Aug-07	132.51	585.57	345.03
23-Aug-07	131.07	601.1	344.32
24-Aug-07	135.3	605.96	343.44
27-Aug-07	132.25	602.5	346.5
28-Aug-07	126.82	599.34	351.88
29-Aug-07	134.08	596.05	355.2
30-Aug-07	136.25	606.98	358.16
31-Aug-07	138.48	614.48	354.54
4-Sep-07	144.16	617.62	356.85
5-Sep-07	136.76	609.86	359.18
6-Sep-07	135.01	599.55	359.9
7-Sep-07	131.77	618.63	363.13
10-Sep-07	136.71	629.32	358.3
11-Sep-07	135.49	624.31	350.56
12-Sep-07	136.85	633.68	338.61
13-Sep-07	137.2	636.23	342.62
14-Sep-07	138.81	628.44	342.88
17-Sep-07	138.41	626.2	348.16
18-Sep-07	140.92	622.77	353.21
19-Sep-07	140.77	605.23	349.31
20-Sep-07	140.31	580.13	352.12
21-Sep-07	144.15	609.7	359.56
24-Sep-07	148.28	608.34	360
25-Sep-07	153.18	587.44	355.36
26-Sep-07	152.77	572.98	355.76
27-Sep-07	154.5	571.7	352.47
28-Sep-07	153.47	560.28	346.67
1-Oct-07	156.34	610	351.99
2-Oct-07	158.45	607.7	353.56
3-Oct-07	157.92	603	345.43
4-Oct-07	156.24	583.98	330.01
5-Oct-07	161.45	582.13	334.64
8-Oct-07	167.91	93.24	330.67
9-Oct-07	167.86	95.35	339.3
10-Oct-07	166.79	98.84	341.2
11-Oct-07	162.23	99.92	339.19
12-Oct-07	167.25	99.8	344.97
15-Oct-07	166.98	99.47	351.54
16-Oct-07	169.58	100.39	350.44
17-Oct-07	172.75	100.4	350.96
18-Oct-07	173.5	100.81	348.63
19-Oct-07	170.42	103.92	348.51
22-Oct-07	174.36	105.06	344.56
23-Oct-07	186.16	106.88	341.19
24-Oct-07	185.93	107.34	338.89
25-Oct-07	182.78	108.74	338.04
26-Oct-07	184.7	109.36	338.08
29-Oct-07	185.09	107.52	335.06
30-Oct-07	187	107.34	330.8
31-Oct-07	189.95	109.44	332.4
1-Nov-07	187.44	110.02	336.13
2-Nov-07	187.87	111.98	332.42
5-Nov-07	186.18	113.54	327.46
6-Nov-07	191.79	112.89	331.85
7-Nov-07	186.3	110.69	337.86
8-Nov-07	175.47	113.62	342.41
9-Nov-07	165.37	114.35	350.7
12-Nov-07	153.76	118.77	353.01
13-Nov-07	169.96	121.19	350.42
14-Nov-07	166.11	118.4	350.15
15-Nov-07	164.3	121.33	346.75
16-Nov-07	166.39	122.67	350.13
19-Nov-07	163.95	123.64	346.28
20-Nov-07	168.85	124.07	348.2
21-Nov-07	168.46	124.49	349.57
23-Nov-07	171.54	120.19	346.75
26-Nov-07	172.54	120.38	346.66
27-Nov-07	174.81	117.5	347.6
28-Nov-07	180.22	118.75	349.45
29-Nov-07	184.29	120.5	347.23
30-Nov-07	182.22	125.09	346.57
3-Dec-07	178.86	123.66	340.5
4-Dec-07	179.81	121.55	333.3
5-Dec-07	185.5	123.9	336.14
6-Dec-07	189.95	123	339.87
7-Dec-07	194.3	122.34	340.53
10-Dec-07	194.21	119.65	335.22
11-Dec-07	188.54	121.89	334.4
12-Dec-07	190.86	120.56	332.19
13-Dec-07	191.83	122.04	336.78
14-Dec-07	190.39	121.26	335
17-Dec-07	184.4	127.17	337.41
18-Dec-07	182.98	132.75	347.83
19-Dec-07	183.12	132.3	345.51
20-Dec-07	187.21	130.33	346.1
21-Dec-07	193.91	132.35	343.44
24-Dec-07	198.8	132.39	338.04
26-Dec-07	198.95	134.07	332.04
27-Dec-07	198.57	137.73	332.24
28-Dec-07	199.83	138.1	331.49
31-Dec-07	198.08	138.91	325.9
2-Jan-08	194.84	138.12	326.6
3-Jan-08	194.93	140	332.44
4-Jan-08	180.05	143.75	326.75
7-Jan-08	177.64	143.7	325.16
8-Jan-08	171.25	134.89	320.26
9-Jan-08	179.4	137.26	315.32
10-Jan-08	178.02	146	325.3
11-Jan-08	172.69	143.85	322.61
14-Jan-08	178.78	141.43	331.23
15-Jan-08	169.04	131.76	326.35
16-Jan-08	159.64	135	332.04
17-Jan-08	160.89	136.49	335.26
18-Jan-08	161.36	131.85	334.04
22-Jan-08	155.64	135.25	335.67
23-Jan-08	139.07	135.03	343.26
24-Jan-08	135.6	134.01	349.43
25-Jan-08	130.01	126.39	351.76
28-Jan-08	130.01	125	357.2
29-Jan-08	131.54	127.79	359.71
30-Jan-08	132.18	124.03	354
31-Jan-08	135.36	119.9	353.75
1-Feb-08	133.75	117.05	358.02
4-Feb-08	131.65	122.06	357.77
5-Feb-08	129.36	122.22	364.92
6-Feb-08	122	127.57	373.8
7-Feb-08	121.24	132.51	376.85
8-Feb-08	125.48	131.07	386.9
11-Feb-08	129.45	135.3	387.29
12-Feb-08	124.86	132.25	393.3
13-Feb-08	129.4	126.82	398.5
14-Feb-08	127.46	134.08	403.41
15-Feb-08	124.63	136.25	392.59
19-Feb-08	122.18	138.48	391.82
20-Feb-08	123.82	144.16	390.48
21-Feb-08	121.54	136.76	396.75
22-Feb-08	119.46	135.01	388.91
25-Feb-08	119.74	131.77	392.57
26-Feb-08	119.15	136.71	377.37
27-Feb-08	122.96	135.49	373.62
28-Feb-08	129.91	136.85	353.21
29-Feb-08	125.02	137.2	374.01
3-Mar-08	121.73	138.81	363.69
4-Mar-08	124.62	138.41	373.7
5-Mar-08	124.49	140.92	376.99
6-Mar-08	120.93	140.77	383.41
7-Mar-08	122.25	140.31	380.48
10-Mar-08	119.69	144.15	380.44
11-Mar-08	127.35	148.28	366.05
12-Mar-08	126.03	153.18	356.03
13-Mar-08	127.94	152.77	356.44
14-Mar-08	126.61	154.5	373.6
17-Mar-08	126.73	153.47	376.18
18-Mar-08	132.82	156.34	373.72
19-Mar-08	129.67	158.45	383.58
20-Mar-08	133.27	157.92	389.97
24-Mar-08	139.53	156.24	389.99
25-Mar-08	140.98	161.45	384.83
26-Mar-08	145.06	167.91	381.03
27-Mar-08	140.25	167.86	374.05
28-Mar-08	143.01	166.79	379.74
31-Mar-08	143.5	162.23	383.93
1-Apr-08	149.53	167.25	384.14
2-Apr-08	147.49	166.98	377.48
3-Apr-08	151.61	169.58	379.94
4-Apr-08	153.08	172.75	384.62
7-Apr-08	155.89	173.5	389.3
8-Apr-08	152.84	170.42	392.96
9-Apr-08	151.44	174.36	400.5
10-Apr-08	154.55	186.16	411.63
11-Apr-08	147.14	185.93	413.45
14-Apr-08	147.78	182.78	412.14
15-Apr-08	148.38	184.7	401.82
16-Apr-08	153.7	185.09	404.3
17-Apr-08	154.49	187	403.17
18-Apr-08	161.04	189.95	399.26
21-Apr-08	168.16	187.44	397.01
22-Apr-08	160.2	187.87	390.57
23-Apr-08	162.89	186.18	381.32
24-Apr-08	168.94	191.79	374.6
25-Apr-08	169.73	186.3	372.5
28-Apr-08	172.24	175.47	378.25
29-Apr-08	175.05	165.37	377.37
30-Apr-08	173.95	153.76	369.8
1-May-08	180	169.96	388.81
2-May-08	180.94	166.11	400.29
5-May-08	184.73	164.3	402.19
6-May-08	186.66	166.39	408.43
7-May-08	182.59	163.95	422
8-May-08	185.06	168.85	419.99
9-May-08	183.45	168.46	422.24
12-May-08	188.16	171.54	398.62
13-May-08	189.96	172.54	395.31
14-May-08	186.26	174.81	392.87
15-May-08	189.73	180.22	405.77
16-May-08	187.62	184.29	397.77
19-May-08	183.6	182.22	400.6
20-May-08	185.9	178.86	404.69
21-May-08	178.19	179.81	404.95
22-May-08	177.05	185.5	404.78
23-May-08	181.17	189.95	396.51
27-May-08	186.43	194.3	397.41
28-May-08	187.01	194.21	403.07
29-May-08	186.69	188.54	400.24
30-May-08	188.75	190.86	399.73
2-Jun-08	186.1	191.83	406.23
3-Jun-08	185.37	190.39	395.28
4-Jun-08	185.19	184.4	385.22
5-Jun-08	189.43	182.98	384.62
6-Jun-08	185.64	183.12	379.26
9-Jun-08	181.61	187.21	388.83
10-Jun-08	185.64	193.91	384.77
11-Jun-08	180.81	198.8	377.41
12-Jun-08	173.26	198.95	374.94
13-Jun-08	172.37	198.57	369.01
16-Jun-08	176.84	199.83	376.51
17-Jun-08	181.43	198.08	366.99
18-Jun-08	178.75	194.84	363.57
19-Jun-08	180.9	194.93	376.12
20-Jun-08	175.27	180.05	373.2
23-Jun-08	173.16	177.64	382.2
24-Jun-08	173.25	171.25	387.93
25-Jun-08	177.39	179.4	389.7
26-Jun-08	168.26	178.02	393.01
27-Jun-08	170.09	172.69	390.95
30-Jun-08	167.44	178.78	389.09
1-Jul-08	174.68	169.04	390.66
2-Jul-08	168.18	159.64	393.62
3-Jul-08	170.12	160.89	391.84
7-Jul-08	175.16	161.36	388.81
8-Jul-08	179.55	155.64	380.19
9-Jul-08	174.25	139.07	378.94
10-Jul-08	176.63	135.6	381.02
11-Jul-08	172.58	130.01	382.21
14-Jul-08	173.88	130.01	395.95
15-Jul-08	169.64	131.54	396.44
16-Jul-08	172.81	132.18	398.55
17-Jul-08	171.81	135.36	403.43
18-Jul-08	165.15	133.75	406.53
21-Jul-08	166.29	131.65	402.64
22-Jul-08	162.02	129.36	405.12
23-Jul-08	166.26	122	405
24-Jul-08	159.03	121.24	411.23
25-Jul-08	162.12	125.48	413.44
28-Jul-08	154.4	129.45	418.03
29-Jul-08	157.08	124.86	422.4
30-Jul-08	159.88	129.4	421.73
31-Jul-08	158.95	127.46	423.24
1-Aug-08	156.66	124.63	422.55
4-Aug-08	153.23	122.18	421.39
5-Aug-08	160.64	123.82	419.81
6-Aug-08	164.19	121.54	424.7
7-Aug-08	163.57	119.46	429.11
8-Aug-08	169.55	119.74	427.75
11-Aug-08	173.56	119.15	420.3
12-Aug-08	176.73	122.96	427.41
13-Aug-08	179.3	129.91	420.41
14-Aug-08	179.32	125.02	446.66
15-Aug-08	175.74	121.73	444.63
18-Aug-08	175.39	124.62	447.28
19-Aug-08	173.53	124.49	453.01
20-Aug-08	175.84	120.93	456.48
21-Aug-08	174.29	122.25	456.19
22-Aug-08	176.79	119.69	455.12
25-Aug-08	172.55	127.35	459.68
26-Aug-08	173.64	126.03	463.97
27-Aug-08	174.67	127.94	468.83
28-Aug-08	173.74	126.61	476.68
29-Aug-08	169.53	126.73	493.17
2-Sep-08	166.19	132.82	493.42
3-Sep-08	166.96	129.67	502.6
4-Sep-08	161.22	133.27	509.46
5-Sep-08	160.18	139.53	497.67
8-Sep-08	157.92	140.98	502.21
9-Sep-08	151.68	145.06	502.12
10-Sep-08	151.61	140.25	514.85
11-Sep-08	152.65	143.01	513.04
12-Sep-08	148.94	143.5	516.39
15-Sep-08	140.36	149.53	522.41
16-Sep-08	139.88	147.49	525.76
17-Sep-08	127.83	151.61	535.41
18-Sep-08	134.09	153.08	542.44
19-Sep-08	140.91	155.89	544.47
22-Sep-08	131.05	152.84	545.18
23-Sep-08	126.84	151.44	533.16
24-Sep-08	128.71	154.55	530.26
25-Sep-08	131.93	147.14	530.69
26-Sep-08	128.24	147.78	541.99
29-Sep-08	105.26	148.38	545.17
30-Sep-08	113.66	153.7	552
1-Oct-08	109.12	154.49	568.1
2-Oct-08	100.1	161.04	589.58
3-Oct-08	97.07	168.16	585.56
6-Oct-08	98.14	160.2	585.57
7-Oct-08	89.16	162.89	601.1
8-Oct-08	89.79	168.94	605.96
9-Oct-08	88.74	169.73	602.5
10-Oct-08	96.8	172.24	599.34
13-Oct-08	110.26	175.05	596.05
14-Oct-08	104.08	173.95	606.98
15-Oct-08	97.95	180	614.48
16-Oct-08	101.89	180.94	617.62
17-Oct-08	97.4	184.73	609.86
20-Oct-08	98.44	186.66	599.55
21-Oct-08	91.49	182.59	618.63
22-Oct-08	96.87	185.06	629.32
23-Oct-08	98.23	183.45	624.31
24-Oct-08	96.38	188.16	633.68
27-Oct-08	92.09	189.96	636.23
28-Oct-08	99.91	186.26	628.44
29-Oct-08	104.55	189.73	626.2
30-Oct-08	111.04	187.62	622.77
31-Oct-08	107.59	183.6	605.23
3-Nov-08	106.96	185.9	580.13
4-Nov-08	110.99	178.19	609.7
5-Nov-08	103.3	177.05	608.34
6-Nov-08	99.1	181.17	587.44
7-Nov-08	98.24	186.43	572.98
10-Nov-08	95.88	187.01	571.7
11-Nov-08	94.77	186.69	560.28
12-Nov-08	90.12	188.75	610
13-Nov-08	96.44	186.1	607.7
14-Nov-08	90.24	185.37	603
17-Nov-08	88.14	185.19	583.98
18-Nov-08	89.91	189.43	582.13
19-Nov-08	86.29	185.64	93.24
20-Nov-08	80.49	181.61	95.35
21-Nov-08	82.58	185.64	98.84
24-Nov-08	92.95	180.81	99.92
25-Nov-08	90.8	173.26	99.8
26-Nov-08	95	172.37	99.47
27-Nov-08	95	176.84	100.39
28-Nov-08	92.67	181.43	100.4
1-Dec-08	88.93	178.75	100.81
2-Dec-08	92.47	180.9	103.92
3-Dec-08	95.9	175.27	105.06
4-Dec-08	91.41	173.16	106.88
5-Dec-08	94	173.25	107.34
8-Dec-08	99.72	177.39	108.74
9-Dec-08	100.06	168.26	109.36
10-Dec-08	98.21	170.09	107.52
11-Dec-08	95	167.44	107.34
12-Dec-08	98.27	174.68	109.44
15-Dec-08	94.75	168.18	110.02
16-Dec-08	95.43	170.12	111.98
17-Dec-08	89.16	175.16	113.54
18-Dec-08	89.43	179.55	112.89
19-Dec-08	90	174.25	110.69
22-Dec-08	85.74	176.63	113.62
23-Dec-08	86.38	172.58	114.35
24-Dec-08	85.04	173.88	118.77
25-Dec-08	85.04	169.64	121.19
26-Dec-08	85.81	172.81	118.4
29-Dec-08	86.61	171.81	121.33
30-Dec-08	86.29	165.15	122.67
31-Dec-08	85.35	166.29	123.64
1-Jan-09	85.35	162.02	124.07
2-Jan-09	90.75	166.26	124.49
5-Jan-09	94.58	159.03	120.19
6-Jan-09	93.02	162.12	120.38
7-Jan-09	91.01	154.4	117.5
8-Jan-09	92.7	157.08	118.75
9-Jan-09	90.58	159.88	120.5
12-Jan-09	88.66	158.95	125.09
13-Jan-09	87.71	156.66	123.66
14-Jan-09	85.33	153.23	121.55
15-Jan-09	83.38	160.64	123.9
16-Jan-09	82.33	164.19	123
20-Jan-09	78.2	163.57	122.34
21-Jan-09	82.83	169.55	119.65
22-Jan-09	88.36	173.56	121.89
23-Jan-09	88.36	176.73	120.56
26-Jan-09	89.64	179.3	122.04
27-Jan-09	90.73	179.32	121.26
28-Jan-09	94.2	175.74	127.17
29-Jan-09	93	175.39	132.75
30-Jan-09	90.13	173.53	132.3
2-Feb-09	91.51	175.84	130.33
3-Feb-09	92.98	174.29	132.35
4-Feb-09	93.55	176.79	132.39
5-Feb-09	96.46	172.55	134.07
6-Feb-09	99.72	173.64	137.73
9-Feb-09	102.51	174.67	138.1
10-Feb-09	97.83	173.74	138.91
11-Feb-09	96.82	169.53	138.12
12-Feb-09	99.27	166.19	140
13-Feb-09	99.16	166.96	143.75
17-Feb-09	94.53	161.22	143.7
18-Feb-09	94.37	160.18	134.89
19-Feb-09	90.64	157.92	137.26
20-Feb-09	91.2	151.68	146
23-Feb-09	86.95	151.61	143.85
24-Feb-09	90.25	152.65	141.43
25-Feb-09	91.16	148.94	131.76
26-Feb-09	89.19	140.36	135
27-Feb-09	89.31	139.88	136.49
2-Mar-09	87.94	127.83	131.85
3-Mar-09	88.37	134.09	135.25
4-Mar-09	91.17	140.91	135.03
5-Mar-09	88.84	131.05	134.01
6-Mar-09	85.3	126.84	126.39
9-Mar-09	83.11	128.71	125
10-Mar-09	88.63	131.93	127.79
11-Mar-09	92.68	128.24	124.03
12-Mar-09	96.35	105.26	119.9
13-Mar-09	95.93	113.66	117.05
16-Mar-09	95.42	109.12	122.06
17-Mar-09	99.66	100.1	122.22
18-Mar-09	101.52	97.07	127.57
19-Mar-09	101.62	98.14	132.51
20-Mar-09	101.59	89.16	131.07
23-Mar-09	107.66	89.79	135.3
24-Mar-09	106.5	88.74	132.25
25-Mar-09	106.49	96.8	126.82
26-Mar-09	109.87	110.26	134.08
27-Mar-09	106.85	104.08	136.25
30-Mar-09	104.49	97.95	138.48
31-Mar-09	105.12	101.89	144.16
1-Apr-09	108.69	97.4	136.76
2-Apr-09	112.71	98.44	135.01
3-Apr-09	115.99	91.49	131.77
6-Apr-09	118.45	96.87	136.71
7-Apr-09	115	98.23	135.49
8-Apr-09	116.32	96.38	136.85
9-Apr-09	119.57	92.09	137.2
10-Apr-09	119.57	99.91	138.81
13-Apr-09	120.22	104.55	138.41
14-Apr-09	118.31	111.04	140.92
15-Apr-09	117.64	107.59	140.77
16-Apr-09	121.45	106.96	140.31
17-Apr-09	123.42	110.99	144.15
20-Apr-09	120.5	103.3	148.28
21-Apr-09	121.76	99.1	153.18
22-Apr-09	121.51	98.24	152.77
23-Apr-09	125.4	95.88	154.5
24-Apr-09	123.9	94.77	153.47
27-Apr-09	124.73	90.12	156.34
28-Apr-09	123.9	96.44	158.45
29-Apr-09	125.14	90.24	157.92
30-Apr-09	125.83	88.14	156.24
1-May-09	127.24	89.91	161.45
4-May-09	132.07	86.29	167.91
5-May-09	132.71	80.49	167.86
6-May-09	132.5	82.58	166.79
7-May-09	129.06	92.95	162.23
8-May-09	129.19	90.8	167.25
11-May-09	129.57	95	166.98
12-May-09	124.42	95	169.58
13-May-09	119.49	92.67	172.75
14-May-09	122.95	88.93	173.5
15-May-09	122.42	92.47	170.42
18-May-09	126.65	95.9	174.36
19-May-09	127.45	91.41	186.16
20-May-09	125.87	94	185.93
21-May-09	124.18	99.72	182.78
22-May-09	122.5	100.06	184.7
26-May-09	130.78	98.21	185.09
27-May-09	133.05	95	187
28-May-09	135.07	98.27	189.95
29-May-09	135.81	94.75	187.44
1-Jun-09	139.35	95.43	187.87
2-Jun-09	139.49	89.16	186.18
3-Jun-09	140.95	89.43	191.79
4-Jun-09	143.74	90	186.3
5-Jun-09	144.67	85.74	175.47
8-Jun-09	143.85	86.38	165.37
9-Jun-09	142.72	85.04	153.76
10-Jun-09	140.25	85.04	169.96
11-Jun-09	139.95	85.81	166.11
12-Jun-09	136.97	86.61	164.3
15-Jun-09	136.09	86.29	166.39
16-Jun-09	136.35	85.35	163.95
17-Jun-09	135.58	85.35	168.85
18-Jun-09	135.88	90.75	168.46
19-Jun-09	139.48	94.58	171.54
22-Jun-09	137.37	93.02	172.54
23-Jun-09	134.01	91.01	174.81
24-Jun-09	136.22	92.7	180.22
25-Jun-09	139.86	90.58	184.29
26-Jun-09	142.44	88.66	182.22
29-Jun-09	141.97	87.71	178.86
30-Jun-09	142.43	85.33	179.81
1-Jul-09	142.83	83.38	185.5
2-Jul-09	140.02	82.33	189.95
3-Jul-09	140.02	78.2	194.3
6-Jul-09	138.61	82.83	194.21
7-Jul-09	135.4	88.36	188.54
8-Jul-09	137.22	88.36	190.86
9-Jul-09	136.36	89.64	191.83
10-Jul-09	138.52	90.73	190.39
13-Jul-09	142.34	94.2	184.4
14-Jul-09	142.27	93	182.98
15-Jul-09	146.88	90.13	183.12
16-Jul-09	147.52	91.51	187.21
17-Jul-09	151.75	92.98	193.91
20-Jul-09	152.91	93.55	198.8
21-Jul-09	151.51	96.46	198.95
22-Jul-09	156.74	99.72	198.57
23-Jul-09	157.82	102.51	199.83
24-Jul-09	159.99	97.83	198.08
27-Jul-09	160.1	96.82	194.84
28-Jul-09	160	99.27	194.93
29-Jul-09	160.03	99.16	180.05
30-Jul-09	162.79	94.53	177.64
31-Jul-09	163.39	94.37	171.25
3-Aug-09	166.43	90.64	179.4
4-Aug-09	165.55	91.2	178.02
5-Aug-09	165.11	86.95	172.69
6-Aug-09	163.91	90.25	178.78
7-Aug-09	165.51	91.16	169.04
10-Aug-09	164.72	89.19	159.64
12-Aug-09	165.31	89.31	160.89
13-Aug-09	168.42	87.94	161.36
14-Aug-09	166.78	88.37	155.64
17-Aug-09	159.59	91.17	139.07
18-Aug-09	164	88.84	135.6
19-Aug-09	164.6	85.3	130.01
20-Aug-09	166.33	83.11	130.01
21-Aug-09	169.22	88.63	131.54
24-Aug-09	169.06	92.68	132.18
25-Aug-09	169.4	96.35	135.36
26-Aug-09	167.41	95.93	133.75
27-Aug-09	169.45	95.42	131.65
28-Aug-09	170.05	99.66	129.36
31-Aug-09	168.21	101.52	122
1-Sep-09	165.3	101.62	121.24
2-Sep-09	165.18	101.59	125.48
3-Sep-09	166.55	107.66	129.45
4-Sep-09	170.31	106.5	124.86
8-Sep-09	172.93	106.49	129.4
9-Sep-09	171.14	109.87	127.46
10-Sep-09	172.56	106.85	124.63
11-Sep-09	172.16	104.49	122.18
14-Sep-09	173.72	105.12	123.82
15-Sep-09	175.16	108.69	121.54
16-Sep-09	181.87	112.71	119.46
17-Sep-09	184.55	115.99	119.74
18-Sep-09	185.02	118.45	119.15
21-Sep-09	184.02	115	122.96
22-Sep-09	184.48	116.32	129.91
23-Sep-09	185.5	119.57	125.02
24-Sep-09	183.82	119.57	121.73
25-Sep-09	182.37	120.22	124.62
28-Sep-09	186.15	118.31	124.49
29-Sep-09	185.38	117.64	120.93
30-Sep-09	185.35	121.45	122.25
1-Oct-09	180.86	123.42	119.69
2-Oct-09	184.9	120.5	127.35
5-Oct-09	186.02	121.76	126.03
6-Oct-09	190.01	121.51	127.94
7-Oct-09	190.25	125.4	126.61
8-Oct-09	189.27	123.9	126.73
9-Oct-09	190.47	124.73	132.82
12-Oct-09	190.81	123.9	129.67
13-Oct-09	190.02	125.14	133.27
14-Oct-09	191.29	125.83	139.53
15-Oct-09	190.56	127.24	140.98
16-Oct-09	188.05	132.07	145.06
19-Oct-09	189.86	132.71	140.25
20-Oct-09	198.76	132.5	143.01
21-Oct-09	204.92	129.06	143.5
22-Oct-09	205.2	129.19	149.53
23-Oct-09	203.94	129.57	147.49
26-Oct-09	202.48	124.42	151.61
27-Oct-09	197.37	119.49	153.08
28-Oct-09	192.4	122.95	155.89
29-Oct-09	196.35	122.42	152.84
30-Oct-09	188.5	126.65	151.44
2-Nov-09	189.31	127.45	154.55
3-Nov-09	188.75	125.87	147.14
4-Nov-09	190.81	124.18	147.78
5-Nov-09	194.03	122.5	148.38
6-Nov-09	194.34	130.78	153.7
9-Nov-09	201.46	133.05	154.49
10-Nov-09	202.98	135.07	161.04
11-Nov-09	203.25	135.81	168.16
12-Nov-09	201.99	139.35	160.2
13-Nov-09	204.45	139.49	162.89
16-Nov-09	206.63	140.95	168.94
17-Nov-09	207	143.74	169.73
18-Nov-09	205.96	144.67	172.24
19-Nov-09	200.51	143.85	175.05
20-Nov-09	199.92	142.72	173.95
23-Nov-09	205.88	140.25	180
24-Nov-09	204.44	139.95	180.94
25-Nov-09	204.19	136.97	184.73
26-Nov-09	204.19	136.09	186.66
27-Nov-09	200.59	136.35	182.59
30-Nov-09	199.91	135.58	185.06
1-Dec-09	196.97	135.88	183.45
2-Dec-09	196.23	139.48	188.16
3-Dec-09	196.48	137.37	189.96
4-Dec-09	193.32	134.01	186.26
7-Dec-09	188.95	136.22	189.73
8-Dec-09	189.87	139.86	187.62
9-Dec-09	197.8	142.44	183.6
10-Dec-09	196.43	141.97	185.9
11-Dec-09	194.67	142.43	178.19
14-Dec-09	196.98	142.83	177.05
15-Dec-09	194.17	140.02	181.17
16-Dec-09	195.03	140.02	186.43
17-Dec-09	191.86	138.61	187.01
18-Dec-09	195.43	135.4	186.69
21-Dec-09	198.23	137.22	188.75
22-Dec-09	200.36	136.36	186.1
23-Dec-09	202.1	138.52	185.37
24-Dec-09	209.04	142.34	185.19
25-Dec-09	209.04	142.27	189.43
28-Dec-09	211.61	146.88	185.64
29-Dec-09	209.1	147.52	181.61
30-Dec-09	211.64	151.75	185.64
31-Dec-09	210.73	152.91	180.81
1-Jan-10	210.73	151.51	173.26
4-Jan-10	214.01	156.74	172.37
5-Jan-10	214.38	157.82	176.84
6-Jan-10	210.97	159.99	181.43
7-Jan-10	210.58	160.1	178.75
8-Jan-10	211.98	160	180.9
11-Jan-10	210.11	160.03	175.27
12-Jan-10	207.72	162.79	173.16
13-Jan-10	210.65	163.39	173.25
14-Jan-10	209.43	166.43	177.39
15-Jan-10	205.93	165.55	168.26
18-Jan-10	205.93	165.11	170.09
19-Jan-10	215.04	163.91	167.44
20-Jan-10	211.72	165.51	174.68
21-Jan-10	208.07	164.72	168.18
22-Jan-10	197.75	165.31	170.12
25-Jan-10	203.08	168.42	175.16
26-Jan-10	205.94	166.78	179.55
27-Jan-10	207.88	159.59	174.25
28-Jan-10	199.29	164	176.63
29-Jan-10	192.06	164.6	172.58
1-Feb-10	194.73	166.33	173.88
2-Feb-10	195.86	169.22	169.64
3-Feb-10	199.23	169.06	172.81
4-Feb-10	192.05	169.4	171.81
5-Feb-10	195.46	167.41	165.15
8-Feb-10	194.12	169.45	166.29
9-Feb-10	196.19	170.05	162.02
10-Feb-10	195.12	168.21	166.26
11-Feb-10	198.67	165.3	159.03
12-Feb-10	200.38	165.18	162.12
15-Feb-10	200.38	166.55	154.4
16-Feb-10	203.4	170.31	157.08
17-Feb-10	202.55	172.93	159.88
18-Feb-10	202.93	171.14	158.95
19-Feb-10	201.67	172.56	156.66
22-Feb-10	200.42	172.16	153.23
23-Feb-10	197.06	173.72	160.64
24-Feb-10	200.66	175.16	164.19
25-Feb-10	202	181.87	163.57
26-Feb-10	204.62	184.55	169.55
1-Mar-10	208.99	185.02	173.56
2-Mar-10	208.85	184.02	176.73
3-Mar-10	209.33	184.48	179.3
4-Mar-10	210.71	185.5	179.32
5-Mar-10	218.95	183.82	175.74
8-Mar-10	219.08	182.37	175.39
9-Mar-10	223.02	186.15	173.53
10-Mar-10	224.84	185.38	175.84
11-Mar-10	225.5	185.35	174.29
12-Mar-10	226.6	180.86	176.79
15-Mar-10	223.84	184.9	172.55
16-Mar-10	224.45	186.02	173.64
17-Mar-10	224.12	190.01	174.67
18-Mar-10	224.65	190.25	173.74
19-Mar-10	222.25	189.27	169.53
22-Mar-10	224.75	190.47	166.19
23-Mar-10	228.36	190.81	166.96
24-Mar-10	229.37	190.02	161.22
25-Mar-10	226.65	191.29	160.18
26-Mar-10	230.9	190.56	157.92
29-Mar-10	232.39	188.05	151.68
30-Mar-10	235.84	189.86	151.61
31-Mar-10	235	198.76	152.65
1-Apr-10	235.97	204.92	148.94
2-Apr-10	235.97	205.2	140.36
5-Apr-10	238.49	203.94	139.88
6-Apr-10	239.54	202.48	127.83
7-Apr-10	240.6	197.37	134.09
8-Apr-10	239.95	192.4	140.91
9-Apr-10	241.79	196.35	131.05
12-Apr-10	242.29	188.5	126.84
13-Apr-10	242.43	189.31	128.71
14-Apr-10	245.69	188.75	131.93
15-Apr-10	248.92	190.81	128.24
16-Apr-10	247.4	194.03	105.26
19-Apr-10	247.07	194.34	113.66
20-Apr-10	244.59	201.46	109.12
21-Apr-10	259.22	202.98	100.1
22-Apr-10	266.47	203.25	97.07
23-Apr-10	270.83	201.99	98.14
26-Apr-10	269.5	204.45	89.16
27-Apr-10	262.04	206.63	89.79
28-Apr-10	261.6	207	88.74
29-Apr-10	268.64	205.96	96.8
30-Apr-10	261.09	200.51	110.26
3-May-10	266.35	199.92	104.08
4-May-10	258.68	205.88	97.95
5-May-10	255.98	204.44	101.89
6-May-10	246.25	204.19	97.4
7-May-10	235.86	204.19	98.44
10-May-10	253.99	200.59	91.49
11-May-10	256.52	199.91	96.87
12-May-10	262.09	196.97	98.23
13-May-10	258.36	196.23	96.38
14-May-10	253.82	196.48	92.09
17-May-10	254.22	193.32	99.91
18-May-10	252.36	188.95	104.55
19-May-10	248.34	189.87	111.04
20-May-10	237.76	197.8	107.59
21-May-10	242.32	196.43	106.96
24-May-10	246.76	194.67	110.99
25-May-10	245.22	196.98	103.3
26-May-10	244.11	194.17	99.1
27-May-10	253.35	195.03	98.24
28-May-10	256.88	191.86	95.88
31-May-10	256.88	195.43	94.77
1-Jun-10	260.83	198.23	90.12
2-Jun-10	263.95	200.36	96.44
3-Jun-10	263.12	202.1	90.24
4-Jun-10	255.96	209.04	88.14
7-Jun-10	250.94	209.04	89.91
8-Jun-10	249.33	211.61	86.29
9-Jun-10	243.2	209.1	80.49
10-Jun-10	250.51	211.64	82.58
11-Jun-10	253.51	210.73	92.95
14-Jun-10	254.28	210.73	90.8
15-Jun-10	259.69	214.01	95
16-Jun-10	267.25	214.38	95
17-Jun-10	271.87	210.97	92.67
18-Jun-10	274.07	210.58	88.93
21-Jun-10	270.17	211.98	92.47
22-Jun-10	273.85	210.11	95.9
23-Jun-10	270.97	207.72	91.41
24-Jun-10	269	210.65	94
25-Jun-10	266.7	209.43	99.72
28-Jun-10	268.3	205.93	100.06
29-Jun-10	256.17	205.93	98.21
30-Jun-10	251.53	215.04	95
1-Jul-10	248.48	211.72	98.27
2-Jul-10	246.94	208.07	94.75
5-Jul-10	246.94	197.75	95.43
6-Jul-10	248.63	203.08	89.16
7-Jul-10	258.66	205.94	89.43
8-Jul-10	258.09	207.88	90
9-Jul-10	259.62	199.29	85.74
12-Jul-10	257.28	192.06	86.38
13-Jul-10	251.8	194.73	85.04
14-Jul-10	252.73	195.86	85.04
15-Jul-10	251.45	199.23	85.81
16-Jul-10	249.9	192.05	86.61
19-Jul-10	245.58	195.46	86.29
20-Jul-10	251.89	194.12	85.35
21-Jul-10	254.24	196.19	85.35
22-Jul-10	259.02	195.12	90.75
23-Jul-10	259.94	198.67	94.58
26-Jul-10	259.28	200.38	93.02
27-Jul-10	264.08	200.38	91.01
28-Jul-10	260.96	203.4	92.7
29-Jul-10	258.11	202.55	90.58
30-Jul-10	257.25	202.93	88.66
2-Aug-10	261.85	201.67	87.71
3-Aug-10	261.93	200.42	85.33
4-Aug-10	262.98	197.06	83.38
5-Aug-10	261.7	200.66	82.33
6-Aug-10	260.09	202	78.2
9-Aug-10	261.75	204.62	82.83
10-Aug-10	259.41	208.99	88.36
11-Aug-10	250.19	208.85	88.36
12-Aug-10	251.79	209.33	89.64
13-Aug-10	249.1	210.71	90.73
16-Aug-10	247.64	218.95	94.2
17-Aug-10	251.97	219.08	93
18-Aug-10	253.07	223.02	90.13
19-Aug-10	249.88	224.84	91.51
20-Aug-10	249.64	225.5	92.98
23-Aug-10	245.8	226.6	93.55
24-Aug-10	239.93	223.84	96.46
25-Aug-10	242.89	224.45	99.72
26-Aug-10	240.28	224.12	102.51
27-Aug-10	241.62	224.65	97.83
30-Aug-10	242.5	222.25	96.82
31-Aug-10	243.1	224.75	99.27
1-Sep-10	250.33	228.36	99.16
2-Sep-10	252.17	229.37	94.53
3-Sep-10	258.77	226.65	94.37
6-Sep-10	258.77	230.9	90.64
7-Sep-10	257.81	232.39	91.2
8-Sep-10	262.92	235.84	86.95
9-Sep-10	263.07	235	90.25
10-Sep-10	263.41	235.97	91.16
13-Sep-10	267.04	235.97	89.19
14-Sep-10	268.06	238.49	89.31
15-Sep-10	270.22	239.54	87.94
16-Sep-10	276.57	240.6	88.37
17-Sep-10	275.37	239.95	91.17
20-Sep-10	283.23	241.79	88.84
21-Sep-10	283.77	242.29	85.3
22-Sep-10	287.75	242.43	83.11
23-Sep-10	288.92	245.69	88.63
24-Sep-10	292.32	248.92	92.68
27-Sep-10	291.16	247.4	96.35
28-Sep-10	286.86	247.07	95.93
29-Sep-10	287.37	244.59	95.42
30-Sep-10	283.75	259.22	99.66
1-Oct-10	282.52	266.47	101.52
4-Oct-10	278.64	270.83	101.62
5-Oct-10	288.94	269.5	101.59
6-Oct-10	289.19	262.04	107.66
7-Oct-10	289.22	261.6	106.5
8-Oct-10	294.07	268.64	106.49
11-Oct-10	295.36	261.09	109.87
12-Oct-10	298.54	266.35	106.85
13-Oct-10	300.14	258.68	104.49
14-Oct-10	302.31	255.98	105.12
15-Oct-10	314.74	246.25	108.69
18-Oct-10	318	235.86	112.71
19-Oct-10	309.49	253.99	115.99
20-Oct-10	310.53	256.52	118.45
21-Oct-10	309.52	262.09	115
22-Oct-10	307.47	258.36	116.32
25-Oct-10	308.84	253.82	119.57
26-Oct-10	308.05	254.22	119.57
27-Oct-10	307.83	252.36	120.22
28-Oct-10	305.24	248.34	118.31
29-Oct-10	300.98	237.76	117.64
1-Nov-10	304.18	242.32	121.45
2-Nov-10	309.36	246.76	123.42
3-Nov-10	312.8	245.22	120.5
4-Nov-10	318.27	244.11	121.76
5-Nov-10	317.13	253.35	121.51
8-Nov-10	318.62	256.88	125.4
9-Nov-10	316.08	256.88	123.9
10-Nov-10	318.03	260.83	124.73
11-Nov-10	316.66	263.95	123.9
12-Nov-10	308.03	263.12	125.14
15-Nov-10	307.04	255.96	125.83
16-Nov-10	301.59	250.94	127.24
17-Nov-10	300.5	249.33	132.07
18-Nov-10	308.43	243.2	132.71
19-Nov-10	306.73	250.51	132.5
22-Nov-10	313.36	253.51	129.06
23-Nov-10	308.73	254.28	129.19
24-Nov-10	314.8	259.69	129.57
26-Nov-10	315	267.25	124.42
29-Nov-10	316.87	271.87	119.49
30-Nov-10	311.15	274.07	122.95
1-Dec-10	316.4	270.17	122.42
2-Dec-10	318.15	273.85	126.65
3-Dec-10	317.44	270.97	127.45
6-Dec-10	320.15	269	125.87
7-Dec-10	318.21	266.7	124.18
8-Dec-10	321.01	268.3	122.5
9-Dec-10	319.76	256.17	130.78
10-Dec-10	320.56	251.53	133.05
13-Dec-10	321.67	248.48	135.07
14-Dec-10	320.29	246.94	135.81
15-Dec-10	320.36	246.94	139.35
16-Dec-10	321.25	248.63	139.49
17-Dec-10	320.61	258.66	140.95
20-Dec-10	322.21	258.09	143.74
21-Dec-10	324.2	259.62	144.67
22-Dec-10	325.16	257.28	143.85
23-Dec-10	323.6	251.8	142.72
27-Dec-10	324.68	252.73	140.25
28-Dec-10	325.47	251.45	139.95
29-Dec-10	325.29	249.9	136.97
30-Dec-10	323.66	245.58	136.09
31-Dec-10	322.56	251.89	136.35
3-Jan-11	329.57	254.24	135.58
4-Jan-11	331.29	259.02	135.88
5-Jan-11	334	259.94	139.48
6-Jan-11	333.73	259.28	137.37
7-Jan-11	336.12	264.08	134.01
10-Jan-11	342.46	260.96	136.22
11-Jan-11	341.64	258.11	139.86
12-Jan-11	344.42	257.25	142.44
13-Jan-11	345.68	261.85	141.97
14-Jan-11	348.48	261.93	142.43
18-Jan-11	340.65	262.98	142.83
19-Jan-11	338.84	261.7	140.02
20-Jan-11	332.68	260.09	140.02
21-Jan-11	326.72	261.75	138.61
24-Jan-11	337.45	259.41	135.4
25-Jan-11	341.4	250.19	137.22
26-Jan-11	343.85	251.79	136.36
27-Jan-11	343.21	249.1	138.52
28-Jan-11	336.1	247.64	142.34
31-Jan-11	339.32	251.97	142.27
1-Feb-11	345.03	253.07	146.88
2-Feb-11	344.32	249.88	147.52
3-Feb-11	343.44	249.64	151.75
4-Feb-11	346.5	245.8	152.91
7-Feb-11	351.88	239.93	151.51
8-Feb-11	355.2	242.89	156.74
9-Feb-11	358.16	240.28	157.82
10-Feb-11	354.54	241.62	159.99
11-Feb-11	356.85	242.5	160.1
14-Feb-11	359.18	243.1	160
15-Feb-11	359.9	250.33	160.03
16-Feb-11	363.13	252.17	162.79
17-Feb-11	358.3	258.77	163.39
18-Feb-11	350.56	258.77	166.43
22-Feb-11	338.61	257.81	165.55
23-Feb-11	342.62	262.92	165.11
24-Feb-11	342.88	263.07	163.91
25-Feb-11	348.16	263.41	165.51
28-Feb-11	353.21	267.04	164.72
1-Mar-11	349.31	268.06	165.31
2-Mar-11	352.12	270.22	168.42
3-Mar-11	359.56	276.57	166.78
4-Mar-11	360	275.37	159.59
7-Mar-11	355.36	283.23	164
8-Mar-11	355.76	283.77	164.6
9-Mar-11	352.47	287.75	166.33
10-Mar-11	346.67	288.92	169.22
11-Mar-11	351.99	292.32	169.06
14-Mar-11	353.56	291.16	169.4
15-Mar-11	345.43	286.86	167.41
16-Mar-11	330.01	287.37	169.45
17-Mar-11	334.64	283.75	170.05
18-Mar-11	330.67	282.52	168.21
21-Mar-11	339.3	278.64	165.3
22-Mar-11	341.2	288.94	165.18
23-Mar-11	339.19	289.19	166.55
24-Mar-11	344.97	289.22	170.31
25-Mar-11	351.54	294.07	172.93
28-Mar-11	350.44	295.36	171.14
29-Mar-11	350.96	298.54	172.56
30-Mar-11	348.63	300.14	172.16
31-Mar-11	348.51	302.31	173.72
1-Apr-11	344.56	314.74	175.16
4-Apr-11	341.19	318	181.87
5-Apr-11	338.89	309.49	184.55
6-Apr-11	338.04	310.53	185.02
7-Apr-11	338.08	309.52	184.02
8-Apr-11	335.06	307.47	184.48
11-Apr-11	330.8	308.84	185.5
12-Apr-11	332.4	308.05	183.82
13-Apr-11	336.13	307.83	182.37
14-Apr-11	332.42	305.24	186.15
15-Apr-11	327.46	300.98	185.38
18-Apr-11	331.85	304.18	185.35
19-Apr-11	337.86	309.36	180.86
20-Apr-11	342.41	312.8	184.9
21-Apr-11	350.7	318.27	186.02
25-Apr-11	353.01	317.13	190.01
26-Apr-11	350.42	318.62	190.25
27-Apr-11	350.15	316.08	189.27
28-Apr-11	346.75	318.03	190.47
29-Apr-11	350.13	316.66	190.81
2-May-11	346.28	308.03	190.02
3-May-11	348.2	307.04	191.29
4-May-11	349.57	301.59	190.56
5-May-11	346.75	300.5	188.05
6-May-11	346.66	308.43	189.86
9-May-11	347.6	306.73	198.76
10-May-11	349.45	313.36	204.92
11-May-11	347.23	308.73	205.2
12-May-11	346.57	314.8	203.94
13-May-11	340.5	315	202.48
16-May-11	333.3	316.87	197.37
17-May-11	336.14	311.15	192.4
18-May-11	339.87	316.4	196.35
19-May-11	340.53	318.15	188.5
20-May-11	335.22	317.44	189.31
23-May-11	334.4	320.15	188.75
24-May-11	332.19	318.21	190.81
25-May-11	336.78	321.01	194.03
26-May-11	335	319.76	194.34
27-May-11	337.41	320.56	201.46
31-May-11	347.83	321.67	202.98
1-Jun-11	345.51	320.29	203.25
2-Jun-11	346.1	320.36	201.99
3-Jun-11	343.44	321.25	204.45
6-Jun-11	338.04	320.61	206.63
7-Jun-11	332.04	322.21	207
8-Jun-11	332.24	324.2	205.96
9-Jun-11	331.49	325.16	200.51
10-Jun-11	325.9	323.6	199.92
13-Jun-11	326.6	324.68	205.88
14-Jun-11	332.44	325.47	204.44
15-Jun-11	326.75	325.29	204.19
16-Jun-11	325.16	323.66	204.19
17-Jun-11	320.26	322.56	200.59
20-Jun-11	315.32	329.57	199.91
21-Jun-11	325.3	331.29	196.97
22-Jun-11	322.61	334	196.23
23-Jun-11	331.23	333.73	196.48
24-Jun-11	326.35	336.12	193.32
27-Jun-11	332.04	342.46	188.95
28-Jun-11	335.26	341.64	189.87
29-Jun-11	334.04	344.42	197.8
30-Jun-11	335.67	345.68	196.43
1-Jul-11	343.26	348.48	194.67
5-Jul-11	349.43	340.65	196.98
6-Jul-11	351.76	338.84	194.17
7-Jul-11	357.2	332.68	195.03
8-Jul-11	359.71	326.72	191.86
11-Jul-11	354	337.45	195.43
12-Jul-11	353.75	341.4	198.23
13-Jul-11	358.02	343.85	200.36
14-Jul-11	357.77	343.21	202.1
15-Jul-11	364.92	336.1	209.04
18-Jul-11	373.8	339.32	209.04
19-Jul-11	376.85	345.03	211.61
20-Jul-11	386.9	344.32	209.1
21-Jul-11	387.29	343.44	211.64
22-Jul-11	393.3	346.5	210.73
25-Jul-11	398.5	351.88	210.73
26-Jul-11	403.41	355.2	214.01
27-Jul-11	392.59	358.16	214.38
28-Jul-11	391.82	354.54	210.97
29-Jul-11	390.48	356.85	210.58
1-Aug-11	396.75	359.18	211.98
2-Aug-11	388.91	359.9	210.11
3-Aug-11	392.57	363.13	207.72
4-Aug-11	377.37	358.3	210.65
5-Aug-11	373.62	350.56	209.43
8-Aug-11	353.21	338.61	205.93
9-Aug-11	374.01	342.62	205.93
10-Aug-11	363.69	342.88	215.04
11-Aug-11	373.7	348.16	211.72
12-Aug-11	376.99	353.21	208.07
15-Aug-11	383.41	349.31	197.75
16-Aug-11	380.48	352.12	203.08
17-Aug-11	380.44	359.56	205.94
18-Aug-11	366.05	360	207.88
19-Aug-11	356.03	355.36	199.29
22-Aug-11	356.44	355.76	192.06
23-Aug-11	373.6	352.47	194.73
24-Aug-11	376.18	346.67	195.86
25-Aug-11	373.72	351.99	199.23
26-Aug-11	383.58	353.56	192.05
29-Aug-11	389.97	345.43	195.46
30-Aug-11	389.99	330.01	194.12
31-Aug-11	384.83	334.64	196.19
1-Sep-11	381.03	330.67	195.12
2-Sep-11	374.05	339.3	198.67
6-Sep-11	379.74	341.2	200.38
7-Sep-11	383.93	339.19	200.38
8-Sep-11	384.14	344.97	203.4
9-Sep-11	377.48	351.54	202.55
12-Sep-11	379.94	350.44	202.93
13-Sep-11	384.62	350.96	201.67
14-Sep-11	389.3	348.63	200.42
15-Sep-11	392.96	348.51	197.06
16-Sep-11	400.5	344.56	200.66
19-Sep-11	411.63	341.19	202
20-Sep-11	413.45	338.89	204.62
21-Sep-11	412.14	338.04	208.99
22-Sep-11	401.82	338.08	208.85
23-Sep-11	404.3	335.06	209.33
26-Sep-11	403.17	330.8	210.71
27-Sep-11	399.26	332.4	218.95
28-Sep-11	397.01	336.13	219.08
29-Sep-11	390.57	332.42	223.02
30-Sep-11	381.32	327.46	224.84
3-Oct-11	374.6	331.85	225.5
4-Oct-11	372.5	337.86	226.6
5-Oct-11	378.25	342.41	223.84
6-Oct-11	377.37	350.7	224.45
7-Oct-11	369.8	353.01	224.12
10-Oct-11	388.81	350.42	224.65
11-Oct-11	400.29	350.15	222.25
12-Oct-11	402.19	346.75	224.75
13-Oct-11	408.43	350.13	228.36
14-Oct-11	422	346.28	229.37
17-Oct-11	419.99	348.2	226.65
18-Oct-11	422.24	349.57	230.9
19-Oct-11	398.62	346.75	232.39
20-Oct-11	395.31	346.66	235.84
21-Oct-11	392.87	347.6	235
24-Oct-11	405.77	349.45	235.97
25-Oct-11	397.77	347.23	235.97
26-Oct-11	400.6	346.57	238.49
27-Oct-11	404.69	340.5	239.54
28-Oct-11	404.95	333.3	240.6
31-Oct-11	404.78	336.14	239.95
1-Nov-11	396.51	339.87	241.79
2-Nov-11	397.41	340.53	242.29
3-Nov-11	403.07	335.22	242.43
4-Nov-11	400.24	334.4	245.69
7-Nov-11	399.73	332.19	248.92
8-Nov-11	406.23	336.78	247.4
9-Nov-11	395.28	335	247.07
10-Nov-11	385.22	337.41	244.59
11-Nov-11	384.62	347.83	259.22
14-Nov-11	379.26	345.51	266.47
15-Nov-11	388.83	346.1	270.83
16-Nov-11	384.77	343.44	269.5
17-Nov-11	377.41	338.04	262.04
18-Nov-11	374.94	332.04	261.6
21-Nov-11	369.01	332.24	268.64
22-Nov-11	376.51	331.49	261.09
23-Nov-11	366.99	325.9	266.35
25-Nov-11	363.57	326.6	258.68
28-Nov-11	376.12	332.44	255.98
29-Nov-11	373.2	326.75	246.25
30-Nov-11	382.2	325.16	235.86
1-Dec-11	387.93	320.26	253.99
2-Dec-11	389.7	315.32	256.52
5-Dec-11	393.01	325.3	262.09
6-Dec-11	390.95	322.61	258.36
7-Dec-11	389.09	331.23	253.82
8-Dec-11	390.66	326.35	254.22
9-Dec-11	393.62	332.04	252.36
12-Dec-11	391.84	335.26	248.34
13-Dec-11	388.81	334.04	237.76
14-Dec-11	380.19	335.67	242.32
15-Dec-11	378.94	343.26	246.76
16-Dec-11	381.02	349.43	245.22
19-Dec-11	382.21	351.76	244.11
20-Dec-11	395.95	357.2	253.35
21-Dec-11	396.44	359.71	256.88
22-Dec-11	398.55	354	256.88
23-Dec-11	403.43	353.75	260.83
27-Dec-11	406.53	358.02	263.95
28-Dec-11	402.64	357.77	263.12
29-Dec-11	405.12	364.92	255.96
30-Dec-11	405	373.8	250.94
3-Jan-12	411.23	376.85	249.33
4-Jan-12	413.44	386.9	243.2
5-Jan-12	418.03	387.29	250.51
6-Jan-12	422.4	393.3	253.51
9-Jan-12	421.73	398.5	254.28
10-Jan-12	423.24	403.41	259.69
11-Jan-12	422.55	392.59	267.25
12-Jan-12	421.39	391.82	271.87
13-Jan-12	419.81	390.48	274.07
17-Jan-12	424.7	396.75	270.17
18-Jan-12	429.11	388.91	273.85
19-Jan-12	427.75	392.57	270.97
20-Jan-12	420.3	377.37	269
23-Jan-12	427.41	373.62	266.7
24-Jan-12	420.41	353.21	268.3
25-Jan-12	446.66	374.01	256.17
26-Jan-12	444.63	363.69	251.53
27-Jan-12	447.28	373.7	248.48
30-Jan-12	453.01	376.99	246.94
31-Jan-12	456.48	383.41	246.94
1-Feb-12	456.19	380.48	248.63
2-Feb-12	455.12	380.44	258.66
3-Feb-12	459.68	366.05	258.09
6-Feb-12	463.97	356.03	259.62
7-Feb-12	468.83	356.44	257.28
8-Feb-12	476.68	373.6	251.8
9-Feb-12	493.17	376.18	252.73
10-Feb-12	493.42	373.72	251.45
13-Feb-12	502.6	383.58	249.9
14-Feb-12	509.46	389.97	245.58
15-Feb-12	497.67	389.99	251.89
16-Feb-12	502.21	384.83	254.24
17-Feb-12	502.12	381.03	259.02
21-Feb-12	514.85	374.05	259.94
22-Feb-12	513.04	379.74	259.28
23-Feb-12	516.39	383.93	264.08
24-Feb-12	522.41	384.14	260.96
27-Feb-12	525.76	377.48	258.11
28-Feb-12	535.41	379.94	257.25
29-Feb-12	542.44	384.62	261.85
1-Mar-12	544.47	389.3	261.93
2-Mar-12	545.18	392.96	262.98
5-Mar-12	533.16	400.5	261.7
6-Mar-12	530.26	411.63	260.09
7-Mar-12	530.69	413.45	261.75
8-Mar-12	541.99	412.14	259.41
9-Mar-12	545.17	401.82	250.19
12-Mar-12	552	404.3	251.79
13-Mar-12	568.1	403.17	249.1
14-Mar-12	589.58	399.26	247.64
15-Mar-12	585.56	397.01	251.97
16-Mar-12	585.57	390.57	253.07
19-Mar-12	601.1	381.32	249.88
20-Mar-12	605.96	374.6	249.64
21-Mar-12	602.5	372.5	245.8
22-Mar-12	599.34	378.25	239.93
23-Mar-12	596.05	377.37	242.89
26-Mar-12	606.98	369.8	240.28
27-Mar-12	614.48	388.81	241.62
28-Mar-12	617.62	400.29	242.5
29-Mar-12	609.86	402.19	243.1
30-Mar-12	599.55	408.43	250.33
2-Apr-12	618.63	422	252.17
3-Apr-12	629.32	419.99	258.77
4-Apr-12	624.31	422.24	258.77
5-Apr-12	633.68	398.62	257.81
9-Apr-12	636.23	395.31	262.92
10-Apr-12	628.44	392.87	263.07
11-Apr-12	626.2	405.77	263.41
12-Apr-12	622.77	397.77	267.04
13-Apr-12	605.23	400.6	268.06
16-Apr-12	580.13	404.69	270.22
17-Apr-12	609.7	404.95	276.57
18-Apr-12	608.34	404.78	275.37
19-Apr-12	587.44	396.51	283.23
20-Apr-12	572.98	397.41	283.77
23-Apr-12	571.7	403.07	287.75
24-Apr-12	560.28	400.24	288.92
25-Apr-12	610	399.73	292.32
26-Apr-12	607.7	406.23	291.16
27-Apr-12	603	395.28	286.86
30-Apr-12	583.98	385.22	287.37
1-May-12	582.13	384.62	283.75